true_prob,pred_prob
0.013157894736842105,0.0536871525044392
0.05405405405405406,0.1453962418335712
0.14285714285714285,0.23180628722731558
0.5555555555555556,0.3351537854097136
0.8,0.46739749697073735
1.0,0.5583724270682215
0.8235294117647058,0.6583957455494714
0.9047619047619048,0.7426651273259348
0.9230769230769231,0.8475377391392258
0.9113924050632911,0.9600362415747343
