true_prob,pred_prob
0.013157894736842105,0.05370971734341048
0.05405405405405406,0.14544600470022045
0.14285714285714285,0.23183345453718487
0.5555555555555556,0.33513701280543806
0.7777777777777778,0.4639321638691399
1.0,0.5536448860994049
0.8235294117647058,0.6584282402471261
0.9047619047619048,0.7427148670574573
0.9230769230769231,0.8475756492111175
0.9113924050632911,0.9600429552849096
