fit_time,score_time,test_score
0.8448421955108643,0.002942800521850586,0.8688524590163934
0.8153510093688965,0.002307891845703125,0.9180327868852459
0.8765311241149902,0.002254962921142578,0.8360655737704918
0.8310649394989014,0.0021820068359375,0.7666666666666667
0.8536348342895508,0.0028710365295410156,0.8
