fit_time,score_time,test_score
0.6807479858398438,0.0028350353240966797,0.8833333333333333
0.7033631801605225,0.0025627613067626953,0.9166666666666666
0.8192629814147949,0.0024368762969970703,0.847457627118644
0.6411290168762207,0.0025870800018310547,0.7457627118644068
0.6162979602813721,0.002286195755004883,0.7796610169491526
