fit_time,score_time,test_score
1.3340179920196533,0.0028018951416015625,0.8833333333333333
2.031996965408325,0.0009210109710693359,0.8833333333333333
2.6937432289123535,0.0009789466857910156,0.85
1.1116268634796143,0.0009291172027587891,0.7166666666666667
1.3681769371032715,0.0008091926574707031,0.8135593220338984
