fit_time,score_time,test_score
1.3335599899291992,0.0014090538024902344,0.8666666666666667
1.1290099620819092,0.0020711421966552734,0.85
1.195906639099121,0.0008671283721923828,0.8813559322033898
1.14052414894104,0.000804901123046875,0.7288135593220338
1.2010209560394287,0.0009188652038574219,0.7627118644067796
