fit_time,score_time,test_score
0.0282900333404541,0.001415252685546875,0.8666666666666667
0.010486125946044922,0.00035500526428222656,0.8833333333333333
0.010463953018188477,0.0002849102020263672,0.7833333333333333
0.011051177978515625,0.00023984909057617188,0.8333333333333334
0.012778043746948242,0.0002448558807373047,0.7796610169491526
