fit_time,score_time,test_score
0.012447834014892578,0.0006327629089355469,0.8666666666666667
0.010599851608276367,0.00025391578674316406,0.8833333333333333
0.010849952697753906,0.0001983642578125,0.7796610169491526
0.011265993118286133,0.00020599365234375,0.8305084745762712
0.012312173843383789,0.00030493736267089844,0.7796610169491526
