model,acc,tpr,tnr,f1,ppv,npv
GLMNet,0.8666666666666667,0.8333333333333334,0.8888888888888888,0.8333333333333334,0.8333333333333334,0.8888888888888888
Boost,0.8666666666666667,0.9166666666666666,0.8333333333333334,0.8461538461538461,0.7857142857142857,0.9375
MLP,0.8333333333333334,0.8333333333333334,0.8333333333333334,0.8,0.7692307692307693,0.8823529411764706
