model,acc,tpr,tnr,f1,ppv,npv
GLMNet,0.8833333333333333,0.8333333333333334,0.9166666666666666,0.851063829787234,0.8695652173913043,0.8918918918918919
Boost,0.85,0.9166666666666666,0.8055555555555556,0.8301886792452831,0.7586206896551724,0.9354838709677419
MLP,0.8,0.8333333333333334,0.7777777777777778,0.7692307692307693,0.7142857142857143,0.875
