model,acc,tpr,tnr,f1,ppv,npv
GLMNet,0.8833333333333333,0.8333333333333334,0.9166666666666666,0.851063829787234,0.8695652173913043,0.8918918918918919
Boost,0.8666666666666667,0.8333333333333334,0.8888888888888888,0.8333333333333334,0.8333333333333334,0.8888888888888888
MLP,0.8333333333333334,0.8333333333333334,0.8333333333333334,0.8,0.7692307692307693,0.8823529411764706
